{"cameraMode":{"drawMode":0,"name":"Shaded","section":"Shading Mode"},"sceneLighting":false,"audioPlay":false,"sceneViewState":{"m_AlwaysRefresh":false,"showFog":true,"showSkybox":true,"showFlares":true,"showImageEffects":true,"showParticleSystems":true,"showVisualEffectGraphs":true,"m_FxEnabled":true},"in2DMode":false,"pivot":{"x":479.7514343261719,"y":147.53094482421876,"z":524.4717407226563},"rotation":{"x":-0.058344680815935138,"y":0.18609602749347688,"z":-0.011020916514098645,"w":-0.9807678461074829},"size":332.50848388671877,"orthographic":false}